{"cameraMode":{"drawMode":0,"name":"Shaded","section":"Shading Mode"},"sceneLighting":true,"audioPlay":false,"sceneViewState":{"m_AlwaysRefresh":false,"showFog":true,"showSkybox":true,"showFlares":true,"showImageEffects":true,"showParticleSystems":true,"showVisualEffectGraphs":true,"m_FxEnabled":true},"in2DMode":false,"pivot":{"x":1150.7718505859375,"y":-8.455081939697266,"z":-814.6450805664063},"rotation":{"x":0.004334018565714359,"y":0.8869774341583252,"z":-0.008239485323429108,"w":0.4617525637149811},"size":707.1068115234375,"orthographic":false}